Feature,Importance
drug2_name,0.5189945118076992
drug1_name,0.48100548819230077
