Model,Accuracy,Macro F1,Weighted F1
Tuned Random Forest,0.5109708716059919,0.2765205416974989,0.5205635251264557
