Model,Accuracy,Macro Precision,Macro Recall,Macro F1,Weighted F1,Training Time
Logistic Regression,0.0009881644844700968,0.014849603513317622,0.039400612020680945,0.0013360879149172842,0.000939727466375247,203.4583296775818
Decision Tree,0.47121970938980845,0.2570060832891757,0.24442355279508965,0.2468859156850029,0.47097480313170415,0.685128927230835
Random Forest,0.5022345992319267,0.28487021143139174,0.23450972936211284,0.2512141550296857,0.49402068083990264,5.34390926361084
